date,ram_type,form_factor,avg_price_per_gb,median_price_per_gb,min_price_per_gb,max_price_per_gb,product_count
2025-10-21,DDR4,DIMM,4.7155,,4.7155,4.7155,1
2025-10-22,DDR4,DIMM,4.7155,,4.7155,4.7155,1
2025-10-23,DDR4,DIMM,4.7155,,4.7155,4.7155,1
2025-10-24,DDR4,DIMM,4.7155,,4.7155,4.7155,1
2025-10-25,DDR4,DIMM,4.7155,,4.7155,4.7155,1
2025-10-26,DDR4,DIMM,4.7155,,4.7155,4.7155,1
2025-10-27,DDR4,DIMM,4.7155,,4.7155,4.7155,1
2025-10-28,DDR4,DIMM,4.7155,,4.7155,4.7155,1
2025-10-29,DDR4,DIMM,4.7155,,4.7155,4.7155,1
2025-10-30,DDR4,DIMM,4.7155,,4.7155,4.7155,1
2025-10-31,DDR4,DIMM,4.7155,,4.7155,4.7155,1
2025-11-01,DDR4,DIMM,4.7155,,4.7155,4.7155,1
2025-11-01,DDR4,SODIMM,4.3719,,4.3719,4.3719,1
2025-11-02,DDR4,DIMM,4.7155,,4.7155,4.7155,1
2025-11-02,DDR4,SODIMM,4.3719,,4.3719,4.3719,1
2025-11-03,DDR4,DIMM,4.7155,,4.7155,4.7155,1
2025-11-03,DDR4,SODIMM,4.3719,,4.3719,4.3719,1
2025-11-04,DDR4,DIMM,4.7155,,4.7155,4.7155,1
2025-11-04,DDR4,SODIMM,4.3719,,4.3719,4.3719,1
2025-11-05,DDR4,DIMM,4.7155,,4.7155,4.7155,1
2025-11-05,DDR4,SODIMM,4.3719,,4.3719,4.3719,1
2025-11-06,DDR4,DIMM,4.7155,,4.7155,4.7155,1
2025-11-06,DDR4,SODIMM,4.3719,,4.3719,4.3719,1
2025-11-07,DDR4,DIMM,4.7155,,4.7155,4.7155,1
2025-11-07,DDR4,SODIMM,4.9353,,4.3719,5.4988,2
2025-11-08,DDR4,DIMM,4.7155,,4.7155,4.7155,1
2025-11-08,DDR4,SODIMM,4.9353,,4.3719,5.4988,2
2025-11-09,DDR4,DIMM,4.7155,,4.7155,4.7155,1
2025-11-09,DDR4,SODIMM,4.9353,,4.3719,5.4988,2
2025-11-10,DDR4,DIMM,4.7155,,4.7155,4.7155,1
2025-11-10,DDR4,SODIMM,4.9353,,4.3719,5.4988,2
2025-11-11,DDR4,DIMM,4.7155,,4.7155,4.7155,1
2025-11-11,DDR4,SODIMM,4.9353,,4.3719,5.4988,2
2025-11-12,DDR4,DIMM,4.7155,,4.7155,4.7155,1
2025-11-12,DDR4,SODIMM,4.9353,,4.3719,5.4988,2
2025-11-13,DDR4,DIMM,4.7155,,4.7155,4.7155,1
2025-11-13,DDR4,SODIMM,4.9353,,4.3719,5.4988,2
2025-11-14,DDR4,DIMM,4.7155,,4.7155,4.7155,1
2025-11-14,DDR4,SODIMM,4.9353,,4.3719,5.4988,2
2025-11-15,DDR4,DIMM,4.7155,,4.7155,4.7155,1
2025-11-15,DDR4,SODIMM,4.9353,,4.3719,5.4988,2
2025-11-16,DDR4,DIMM,4.7155,,4.7155,4.7155,1
2025-11-16,DDR4,SODIMM,4.9353,,4.3719,5.4988,2
2025-11-17,DDR4,DIMM,4.7155,,4.7155,4.7155,1
2025-11-17,DDR4,SODIMM,4.7475,,4.3719,5.4988,3
2025-11-18,DDR4,DIMM,4.7155,,4.7155,4.7155,1
2025-11-18,DDR4,SODIMM,4.7475,,4.3719,5.4988,3
2025-11-19,DDR4,DIMM,5.3263,,4.7155,5.9372,2
2025-11-19,DDR4,SODIMM,4.7475,,4.3719,5.4988,3
2025-11-20,DDR4,DIMM,5.1862,,4.7155,5.9372,3
2025-11-20,DDR4,SODIMM,4.9443,,4.3719,5.4988,7
2025-11-21,DDR4,DIMM,5.1862,,4.7155,5.9372,3
2025-11-21,DDR4,SODIMM,5.0886,,4.3719,5.7406,9
2025-11-22,DDR4,DIMM,5.1862,,4.7155,5.9372,3
2025-11-22,DDR4,SODIMM,5.0116,,4.3188,5.7406,10
2025-11-23,DDR4,DIMM,5.1862,,4.7155,5.9372,3
2025-11-23,DDR4,SODIMM,5.0116,,4.3188,5.7406,10
2025-11-24,DDR4,DIMM,5.4926,,4.7155,6.4119,4
2025-11-24,DDR4,SODIMM,4.9765,,4.3188,5.7406,11
2025-11-24,DDR5,DIMM,7.5937,,7.5937,7.5937,1
2025-11-25,DDR4,DIMM,5.7226,,4.7155,6.5622,8
2025-11-25,DDR4,SODIMM,5.036,,3.9875,5.9372,15
2025-11-25,DDR5,DIMM,9.755,,7.5937,10.9374,6
2025-11-26,DDR4,DIMM,5.7226,,4.7155,6.5622,8
2025-11-26,DDR4,SODIMM,5.0646,,3.9875,5.9372,16
2025-11-26,DDR5,DIMM,10.1272,,7.5937,12.4997,13
2025-11-27,DDR4,DIMM,5.7217,,4.7155,6.5622,10
2025-11-27,DDR4,SODIMM,5.0646,,3.9875,5.9372,16
2025-11-27,DDR5,DIMM,10.1727,,7.5937,12.4997,15
2025-11-27,DDR5,SODIMM,9.3747,,9.3747,9.3747,2
2025-11-28,DDR4,DIMM,5.8149,,4.7155,8.1461,16
2025-11-28,DDR4,SODIMM,5.2093,,3.9875,7.7825,21
2025-11-28,DDR5,DIMM,10.3194,,7.5937,12.5209,16
2025-11-28,DDR5,SODIMM,9.2842,,9.0625,9.3747,5
2025-11-29,DDR4,DIMM,5.7634,,4.7155,8.1461,18
2025-11-29,DDR4,SODIMM,5.1201,,3.2475,7.7825,22
2025-11-29,DDR5,DIMM,10.493,,7.5937,14.1097,20
2025-11-29,DDR5,SODIMM,9.0389,,7.8122,9.3747,6
2025-11-30,DDR4,DIMM,5.9664,,4.7155,8.1461,23
2025-11-30,DDR4,SODIMM,5.2189,,3.2475,7.8997,26
2025-11-30,DDR5,DIMM,10.7995,,7.5937,18.6813,27
2025-11-30,DDR5,SODIMM,8.9529,,7.8122,9.3747,7
2025-12-01,DDR4,DIMM,6.039,,4.7155,8.1461,26
2025-12-01,DDR4,SODIMM,5.144,,3.2475,7.8997,31
2025-12-01,DDR5,DIMM,10.694,,6.1956,18.6813,36
2025-12-01,DDR5,SODIMM,8.4137,,6.2811,9.3747,10
2025-12-02,DDR4,DIMM,6.039,,4.7155,8.1461,26
2025-12-02,DDR4,SODIMM,5.1297,,3.2475,7.8997,32
2025-12-02,DDR5,DIMM,10.599,,6.1956,18.6813,39
2025-12-02,DDR5,SODIMM,8.1289,,5.2809,9.3747,11
2025-12-03,DDR4,DIMM,6.1082,,4.7155,8.1461,28
2025-12-03,DDR4,SODIMM,5.1297,,3.2475,7.8997,32
2025-12-03,DDR5,DIMM,10.5263,,6.1956,18.6813,41
2025-12-03,DDR5,SODIMM,8.1289,,5.2809,9.3747,11
2025-12-04,DDR4,DIMM,5.9102,,2.5975,8.1461,32
2025-12-04,DDR4,SODIMM,5.0635,,2.945,7.8997,33
2025-12-04,DDR5,DIMM,10.4399,,6.1956,18.6813,45
2025-12-04,DDR5,SODIMM,8.2327,,5.2809,9.3747,12
2025-12-05,DDR4,DIMM,5.9102,,2.5975,8.1461,32
2025-12-05,DDR4,SODIMM,5.0594,,2.945,7.8997,33
2025-12-05,DDR5,DIMM,10.5224,,6.1956,18.6813,48
2025-12-05,DDR5,SODIMM,8.0708,,5.2809,9.3747,13
2025-12-06,DDR4,DIMM,5.9102,,2.5975,8.1461,32
2025-12-06,DDR4,SODIMM,5.0956,,2.945,7.8997,33
2025-12-06,DDR5,DIMM,10.514,,6.1956,18.6813,50
2025-12-06,DDR5,SODIMM,8.0708,,5.2809,9.3747,13
2025-12-07,DDR4,DIMM,5.9527,,2.5975,8.1461,33
2025-12-07,DDR4,SODIMM,5.0956,,2.945,7.8997,33
2025-12-07,DDR5,DIMM,10.6961,,6.1956,22.6841,52
2025-12-07,DDR5,SODIMM,8.0708,,5.2809,9.3747,13
2025-12-08,DDR4,DIMM,5.9527,,2.5975,8.1461,33
2025-12-08,DDR4,SODIMM,5.0955,,2.945,7.8997,33
2025-12-08,DDR5,DIMM,10.6961,,6.1956,22.6841,52
2025-12-08,DDR5,SODIMM,8.0708,,5.2809,9.3747,13
2025-12-09,DDR4,DIMM,5.8469,,2.3559,8.1461,34
2025-12-09,DDR4,SODIMM,5.0211,,2.6756,7.8997,34
2025-12-09,DDR5,DIMM,10.6961,,6.1956,22.6841,52
2025-12-09,DDR5,SODIMM,8.2559,,5.2809,9.7497,13
2025-12-10,DDR4,DIMM,5.8469,,2.3559,8.1461,34
2025-12-10,DDR4,SODIMM,5.0404,,2.6756,7.8997,34
2025-12-10,DDR5,DIMM,10.6961,,6.1956,22.6841,52
2025-12-10,DDR5,SODIMM,8.2559,,5.2809,9.7497,13
2025-12-11,DDR4,DIMM,5.9276,,2.3559,9.852,34
2025-12-11,DDR4,SODIMM,5.0484,,2.6756,7.8997,34
2025-12-11,DDR5,DIMM,10.8667,,6.1956,22.6841,55
2025-12-11,DDR5,SODIMM,8.2559,,5.2809,9.7497,13
2025-12-12,DDR4,DIMM,5.9276,,2.3559,9.852,34
2025-12-12,DDR4,SODIMM,5.0484,,2.6756,7.8997,34
2025-12-12,DDR5,DIMM,10.9764,,6.1956,22.6841,55
2025-12-12,DDR5,SODIMM,8.2559,,5.2809,9.7497,13
2025-12-13,DDR4,DIMM,5.9276,,2.3559,9.852,34
2025-12-13,DDR4,SODIMM,5.0484,,2.6756,7.8997,34
2025-12-13,DDR5,DIMM,10.9291,,6.1956,22.6841,56
2025-12-13,DDR5,SODIMM,8.5277,,5.2809,12.0619,14
2025-12-14,DDR4,DIMM,5.9276,,2.3559,9.852,34
2025-12-14,DDR4,SODIMM,5.0484,,2.6756,7.8997,34
2025-12-14,DDR5,DIMM,10.8426,,5.9997,22.6841,57
2025-12-14,DDR5,SODIMM,8.5277,,5.2809,12.0619,14
2025-12-15,DDR4,DIMM,5.9314,,2.3559,9.852,35
2025-12-15,DDR4,SODIMM,5.1121,,2.6756,7.8997,34
2025-12-15,DDR5,DIMM,10.8426,,5.9997,22.6841,57
2025-12-15,DDR5,SODIMM,8.5394,,5.2809,12.0619,15
2025-12-16,DDR4,DIMM,5.9229,,2.3559,9.852,36
2025-12-16,DDR4,SODIMM,5.0812,,2.6756,7.8997,35
2025-12-16,DDR5,DIMM,10.8426,,5.9997,22.6841,57
2025-12-16,DDR5,SODIMM,8.5394,,5.2809,12.0619,15
2025-12-17,DDR4,DIMM,5.9229,,2.3559,9.852,36
2025-12-17,DDR4,SODIMM,5.0812,,2.6756,7.8997,35
2025-12-17,DDR5,DIMM,10.7597,,5.9997,22.6841,58
2025-12-17,DDR5,SODIMM,8.7088,,5.2809,12.0619,16
2025-12-18,DDR4,DIMM,5.9472,,2.3559,9.852,36
2025-12-18,DDR4,SODIMM,5.0812,,2.6756,7.8997,35
2025-12-18,DDR5,DIMM,10.7597,,5.9997,22.6841,58
2025-12-18,DDR5,SODIMM,8.7088,,5.2809,12.0619,16
2025-12-19,DDR4,DIMM,5.9472,,2.3559,9.852,36
2025-12-19,DDR4,SODIMM,5.0812,,2.6756,7.8997,35
2025-12-19,DDR5,DIMM,10.7918,,5.9997,22.6841,59
2025-12-19,DDR5,SODIMM,8.7088,,5.2809,12.0619,16
2025-12-20,DDR4,DIMM,5.9472,,2.3559,9.852,36
2025-12-20,DDR4,SODIMM,5.0812,,2.6756,7.8997,35
2025-12-20,DDR5,DIMM,10.7204,,5.9997,22.6841,60
2025-12-20,DDR5,SODIMM,8.7088,,5.2809,12.0619,16
2025-12-21,DDR4,DIMM,5.9472,,2.3559,9.852,36
2025-12-21,DDR4,SODIMM,5.0812,,2.6756,7.8997,35
2025-12-21,DDR5,DIMM,10.7204,,5.9997,22.6841,60
2025-12-21,DDR5,SODIMM,8.7088,,5.2809,12.0619,16
2025-12-22,DDR4,DIMM,5.9472,,2.3559,9.852,36
2025-12-22,DDR4,SODIMM,5.131,,2.6756,7.8997,36
2025-12-22,DDR5,DIMM,10.7101,,5.9997,22.6841,62
2025-12-22,DDR5,SODIMM,8.7088,,5.2809,12.0619,16
2025-12-23,DDR4,DIMM,5.9731,,2.3559,9.852,37
2025-12-23,DDR4,SODIMM,5.1831,,2.6756,7.8997,36
2025-12-23,DDR5,DIMM,10.7084,,5.9997,22.6841,64
2025-12-23,DDR5,SODIMM,8.7088,,5.2809,12.0619,16
2025-12-24,DDR4,DIMM,5.9731,,2.3559,9.852,37
2025-12-24,DDR4,SODIMM,5.1831,,2.6756,7.8997,36
2025-12-24,DDR5,DIMM,10.7084,,5.9997,22.6841,64
2025-12-24,DDR5,SODIMM,8.83,,5.2809,12.0619,16
2025-12-25,DDR4,DIMM,5.9731,,2.3559,9.852,37
2025-12-25,DDR4,SODIMM,5.217,,2.6756,7.8997,37
2025-12-25,DDR5,DIMM,10.7084,,5.9997,22.6841,64
2025-12-25,DDR5,SODIMM,8.83,,5.2809,12.0619,16
2025-12-26,DDR4,DIMM,5.9731,,2.3559,9.852,37
2025-12-26,DDR4,SODIMM,5.217,,2.6756,7.8997,37
2025-12-26,DDR5,DIMM,10.7084,,5.9997,22.6841,64
2025-12-26,DDR5,SODIMM,8.83,,5.2809,12.0619,16
2025-12-27,DDR4,DIMM,5.9731,,2.3559,9.852,37
2025-12-27,DDR4,SODIMM,5.217,,2.6756,7.8997,37
2025-12-27,DDR5,DIMM,10.7084,,5.9997,22.6841,64
2025-12-27,DDR5,SODIMM,8.83,,5.2809,12.0619,16
2025-12-28,DDR4,DIMM,5.9731,,2.3559,9.852,37
2025-12-28,DDR4,SODIMM,5.2719,,2.6756,7.8997,37
2025-12-28,DDR5,DIMM,10.7011,,5.9997,22.6841,66
2025-12-28,DDR5,SODIMM,8.83,,5.2809,12.0619,16
2025-12-29,DDR4,DIMM,5.9731,,2.3559,9.852,37
2025-12-29,DDR4,SODIMM,5.2719,,2.6756,7.8997,37
2025-12-29,DDR5,DIMM,10.7503,,5.9997,22.6841,66
2025-12-29,DDR5,SODIMM,8.83,,5.2809,12.0619,16
2025-12-30,DDR4,DIMM,5.9731,,2.3559,9.852,37
2025-12-30,DDR4,SODIMM,5.2719,,2.6756,7.8997,37
2025-12-30,DDR5,DIMM,10.7503,,5.9997,22.6841,66
2025-12-30,DDR5,SODIMM,8.83,,5.2809,12.0619,16
2025-12-31,DDR4,DIMM,6.063,,2.3559,9.852,38
2025-12-31,DDR4,SODIMM,5.2998,,2.6756,7.8997,37
2025-12-31,DDR5,DIMM,10.7669,,5.9997,22.6841,66
2025-12-31,DDR5,SODIMM,8.8436,,5.2809,12.0619,17
2026-01-01,DDR4,DIMM,6.0998,,2.3559,9.852,38
2026-01-01,DDR4,SODIMM,5.2998,,2.6756,7.8997,37
2026-01-01,DDR5,DIMM,10.7067,,5.9997,22.6841,66
2026-01-01,DDR5,SODIMM,8.8436,,5.2809,12.0619,17
2026-01-02,DDR4,DIMM,6.0998,,2.3559,9.852,38
2026-01-02,DDR4,SODIMM,5.2998,,2.6756,7.8997,37
2026-01-02,DDR5,DIMM,10.7067,,5.9997,22.6841,66
2026-01-02,DDR5,SODIMM,8.8436,,5.2809,12.0619,17
2026-01-03,DDR4,DIMM,6.0998,,2.3559,9.852,38
2026-01-03,DDR4,SODIMM,5.2998,,2.6756,7.8997,37
2026-01-03,DDR5,DIMM,10.7067,,5.9997,22.6841,66
2026-01-03,DDR5,SODIMM,8.8436,,5.2809,12.0619,17
2026-01-04,DDR4,DIMM,6.0998,,2.3559,9.852,38
2026-01-04,DDR4,SODIMM,5.2998,,2.6756,7.8997,37
2026-01-04,DDR5,DIMM,10.7067,,5.9997,22.6841,66
2026-01-04,DDR5,SODIMM,8.8436,,5.2809,12.0619,17
2026-01-05,DDR4,DIMM,6.0949,,2.3559,9.852,39
2026-01-05,DDR4,SODIMM,5.2998,,2.6756,7.8997,37
2026-01-05,DDR5,DIMM,10.7067,,5.9997,22.6841,66
2026-01-05,DDR5,SODIMM,8.8436,,5.2809,12.0619,17
2026-01-06,DDR4,DIMM,6.0949,,2.3559,9.852,39
2026-01-06,DDR4,SODIMM,5.3145,,2.6756,7.8997,37
2026-01-06,DDR5,DIMM,10.7067,,5.9997,22.6841,66
2026-01-06,DDR5,SODIMM,8.8436,,5.2809,12.0619,17
2026-01-07,DDR4,DIMM,6.0949,,2.3559,9.852,39
2026-01-07,DDR4,SODIMM,5.3182,,2.6756,7.8997,37
2026-01-07,DDR5,DIMM,10.7067,,5.9997,22.6841,66
2026-01-07,DDR5,SODIMM,8.8436,,5.2809,12.0619,17
2026-01-08,DDR4,DIMM,6.0893,,2.3559,9.852,40
2026-01-08,DDR4,SODIMM,5.4495,,2.6756,10.3059,38
2026-01-08,DDR5,DIMM,10.7886,,5.9997,22.6841,66
2026-01-08,DDR5,SODIMM,8.7315,,5.2809,12.0619,17
2026-01-09,DDR4,DIMM,6.4362,,2.3559,20.3119,41
2026-01-09,DDR4,SODIMM,5.6426,,2.6756,10.3059,40
2026-01-09,DDR5,DIMM,10.7886,,5.9997,22.6841,66
2026-01-09,DDR5,SODIMM,8.9134,,5.2809,12.0619,17
2026-01-10,DDR4,DIMM,6.4362,,2.3559,20.3119,41
2026-01-10,DDR4,SODIMM,5.6426,,2.6756,10.3059,40
2026-01-10,DDR5,DIMM,10.7951,,5.9997,22.6841,66
2026-01-10,DDR5,SODIMM,8.9134,,5.2809,12.0619,17
2026-01-11,DDR4,DIMM,6.4362,,2.3559,20.3119,41
2026-01-11,DDR4,SODIMM,5.6426,,2.6756,10.3059,40
2026-01-11,DDR5,DIMM,10.8465,,5.9997,22.6841,66
2026-01-11,DDR5,SODIMM,9.1504,,5.2809,13.0919,17
2026-01-12,DDR4,DIMM,6.4713,,2.3559,20.3119,41
2026-01-12,DDR4,SODIMM,5.6426,,2.6756,10.3059,40
2026-01-12,DDR5,DIMM,10.8907,,5.9997,22.6841,66
2026-01-12,DDR5,SODIMM,9.1504,,5.2809,13.0919,17
2026-01-13,DDR4,DIMM,6.5818,,2.3559,20.3119,41
2026-01-13,DDR4,SODIMM,5.6476,,2.6756,10.3059,40
2026-01-13,DDR5,DIMM,10.9022,,5.9997,22.6841,66
2026-01-13,DDR5,SODIMM,9.1504,,5.2809,13.0919,17
2026-01-14,DDR4,DIMM,6.4928,,2.3559,20.3119,41
2026-01-14,DDR4,SODIMM,5.6476,,2.6756,10.3059,40
2026-01-14,DDR5,DIMM,10.9451,,5.9997,22.6841,66
2026-01-14,DDR5,SODIMM,9.1504,,5.2809,13.0919,17
2026-01-15,DDR4,DIMM,6.5351,,2.3559,20.3119,42
2026-01-15,DDR4,SODIMM,5.6473,,2.6756,10.3059,40
2026-01-15,DDR5,DIMM,11.0024,,5.9997,22.6841,66
2026-01-15,DDR5,SODIMM,9.1504,,5.2809,13.0919,17
2026-01-16,DDR4,DIMM,6.5351,,2.3559,20.3119,42
2026-01-16,DDR4,SODIMM,5.6473,,2.6756,10.3059,40
2026-01-16,DDR5,DIMM,11.0024,,5.9997,22.6841,66
2026-01-16,DDR5,SODIMM,9.1504,,5.2809,13.0919,17
2026-01-17,DDR4,DIMM,6.6767,,2.3559,20.3119,42
2026-01-17,DDR4,SODIMM,5.6473,,2.6756,10.3059,40
2026-01-17,DDR5,DIMM,11.0024,,5.9997,22.6841,66
2026-01-17,DDR5,SODIMM,9.1504,,5.2809,13.0919,17
2026-01-18,DDR4,DIMM,6.6984,,2.3559,20.3119,42
2026-01-18,DDR4,SODIMM,5.692,,2.6756,10.3059,40
2026-01-18,DDR5,DIMM,10.9296,,5.9997,22.6841,66
2026-01-18,DDR5,SODIMM,9.1504,,5.2809,13.0919,17
2026-01-19,DDR4,DIMM,6.6984,,2.3559,20.3119,42
2026-01-19,DDR4,SODIMM,5.692,,2.6756,10.3059,40
2026-01-19,DDR5,DIMM,10.9174,,5.9997,22.6841,66
2026-01-19,DDR5,SODIMM,9.1504,,5.2809,13.0919,17
2026-01-20,DDR4,DIMM,6.9343,,2.3559,20.3119,43
2026-01-20,DDR4,SODIMM,5.688,,2.6756,10.3059,40
2026-01-20,DDR5,DIMM,10.9302,,5.9997,22.6841,66
2026-01-20,DDR5,SODIMM,9.1504,,5.2809,13.0919,17
2026-01-21,DDR4,DIMM,6.9343,,2.3559,20.3119,43
2026-01-21,DDR4,SODIMM,5.688,,2.6756,10.3059,40
2026-01-21,DDR5,DIMM,10.928,,4.8419,22.6841,67
2026-01-21,DDR5,SODIMM,9.1504,,5.2809,13.0919,17
2026-01-22,DDR4,DIMM,6.9343,,2.3559,20.3119,43
2026-01-22,DDR4,SODIMM,5.688,,2.6756,10.3059,40
2026-01-22,DDR5,DIMM,10.9307,,4.8419,22.6841,67
2026-01-22,DDR5,SODIMM,9.1504,,5.2809,13.0919,17
2026-01-23,DDR4,DIMM,6.9243,,2.3559,20.3119,43
2026-01-23,DDR4,SODIMM,5.688,,2.6756,10.3059,40
2026-01-23,DDR5,DIMM,10.9427,,4.8419,22.6841,67
2026-01-23,DDR5,SODIMM,9.1834,,5.2809,13.0919,17
2026-01-24,DDR4,DIMM,6.9243,,2.3559,20.3119,43
2026-01-24,DDR4,SODIMM,5.688,,2.6756,10.3059,40
2026-01-24,DDR5,DIMM,10.9427,,4.8419,22.6841,67
2026-01-24,DDR5,SODIMM,9.1834,,5.2809,13.0919,17
2026-01-25,DDR4,DIMM,7.0197,,2.3559,20.3119,44
2026-01-25,DDR4,SODIMM,5.688,,2.6756,10.3059,40
2026-01-25,DDR5,DIMM,10.9427,,4.8419,22.6841,67
2026-01-25,DDR5,SODIMM,9.1834,,5.2809,13.0919,17
2026-01-26,DDR4,DIMM,7.013,,2.3559,20.3119,44
2026-01-26,DDR4,SODIMM,5.6877,,2.6756,10.3059,40
2026-01-26,DDR5,DIMM,10.9212,,4.8419,22.6841,67
2026-01-26,DDR5,SODIMM,9.1834,,5.2809,13.0919,17
2026-01-27,DDR4,DIMM,7.013,,2.3559,20.3119,44
2026-01-27,DDR4,SODIMM,5.6877,,2.6756,10.3059,40
2026-01-27,DDR5,DIMM,10.9912,,4.8419,22.6841,67
2026-01-27,DDR5,SODIMM,9.1853,,5.2809,13.1244,17
2026-01-28,DDR4,DIMM,7.013,,2.3559,20.3119,44
2026-01-28,DDR4,SODIMM,5.6877,,2.6756,10.3059,40
2026-01-28,DDR5,DIMM,10.9912,,4.8419,22.6841,67
2026-01-28,DDR5,SODIMM,9.2257,,5.2809,13.1244,17
2026-01-29,DDR4,DIMM,7.013,,2.3559,20.3119,44
2026-01-29,DDR4,SODIMM,5.6981,,2.6756,10.3059,40
2026-01-29,DDR5,DIMM,10.9912,,4.8419,22.6841,67
2026-01-29,DDR5,SODIMM,9.2257,,5.2809,13.1244,17
2026-01-30,DDR4,DIMM,7.013,,2.3559,20.3119,44
2026-01-30,DDR4,SODIMM,5.6981,,2.6756,10.3059,40
2026-01-30,DDR5,DIMM,10.9912,,4.8419,22.6841,67
2026-01-30,DDR5,SODIMM,9.2257,,5.2809,13.1244,17
2026-01-31,DDR4,DIMM,7.0847,,2.3559,20.3119,44
2026-01-31,DDR4,SODIMM,5.6981,,2.6756,10.3059,40
2026-01-31,DDR5,DIMM,11.0593,,4.8419,22.6841,68
2026-01-31,DDR5,SODIMM,9.2826,,5.2809,13.1244,17
2026-02-01,DDR4,DIMM,7.0847,,2.3559,20.3119,44
2026-02-01,DDR4,SODIMM,5.7004,,2.6756,10.3059,40
2026-02-01,DDR5,DIMM,11.1726,,4.8419,22.6841,68
2026-02-01,DDR5,SODIMM,9.2784,,5.2809,13.1244,17
2026-02-02,DDR4,DIMM,7.1091,,2.3559,20.3119,45
2026-02-02,DDR4,SODIMM,5.7004,,2.6756,10.3059,40
2026-02-02,DDR5,DIMM,11.2363,,4.8419,22.6841,69
2026-02-02,DDR5,SODIMM,9.2784,,5.2809,13.1244,17
2026-02-03,DDR4,DIMM,7.1091,,2.3559,20.3119,45
2026-02-03,DDR4,SODIMM,5.7004,,2.6756,10.3059,40
2026-02-03,DDR5,DIMM,11.2363,,4.8419,22.6841,69
2026-02-03,DDR5,SODIMM,9.2784,,5.2809,13.1244,17
2026-02-04,DDR4,DIMM,7.1091,,2.3559,20.3119,45
2026-02-04,DDR4,SODIMM,5.7731,,2.6756,10.3059,40
2026-02-04,DDR5,DIMM,11.2722,,4.8419,22.6841,70
2026-02-04,DDR5,SODIMM,9.265,,5.2809,13.1244,17
2026-02-05,DDR4,DIMM,7.1091,,2.3559,20.3119,45
2026-02-05,DDR4,SODIMM,5.7731,,2.6756,10.3059,40
2026-02-05,DDR5,DIMM,11.3141,,4.8419,22.6841,70
2026-02-05,DDR5,SODIMM,9.265,,5.2809,13.1244,17
2026-02-06,DDR4,DIMM,7.1091,,2.3559,20.3119,45
2026-02-06,DDR4,SODIMM,5.7731,,2.6756,10.3059,40
2026-02-06,DDR5,DIMM,11.321,,4.8419,22.6841,70
2026-02-06,DDR5,SODIMM,9.265,,5.2809,13.1244,17
2026-02-07,DDR4,DIMM,7.1091,,2.3559,20.3119,45
2026-02-07,DDR4,SODIMM,5.7916,,2.6756,10.3059,40
2026-02-07,DDR5,DIMM,11.3034,,4.8419,22.6841,70
2026-02-07,DDR5,SODIMM,9.265,,5.2809,13.1244,17
2026-02-08,DDR4,DIMM,7.1091,,2.3559,20.3119,45
2026-02-08,DDR4,SODIMM,5.9243,,2.6756,10.3059,41
2026-02-08,DDR5,DIMM,11.3034,,4.8419,22.6841,70
2026-02-08,DDR5,SODIMM,9.265,,5.2809,13.1244,17
2026-02-09,DDR4,DIMM,7.1094,,2.3559,20.3119,45
2026-02-09,DDR4,SODIMM,5.9496,,2.6756,10.3059,41
2026-02-09,DDR5,DIMM,11.3258,,4.8419,22.6841,70
2026-02-09,DDR5,SODIMM,9.265,,5.2809,13.1244,17
2026-02-10,DDR4,DIMM,7.1094,,2.3559,20.3119,45
2026-02-10,DDR4,SODIMM,5.9496,,2.6756,10.3059,41
2026-02-10,DDR5,DIMM,11.3702,,4.8419,22.6841,70
2026-02-10,DDR5,SODIMM,9.265,,5.2809,13.1244,17
2026-02-11,DDR4,DIMM,7.1094,,2.3559,20.3119,45
2026-02-11,DDR4,SODIMM,5.9496,,2.6756,10.3059,41
2026-02-11,DDR5,DIMM,11.3702,,4.8419,22.6841,70
2026-02-11,DDR5,SODIMM,9.265,,5.2809,13.1244,17
2026-02-12,DDR4,DIMM,7.1094,,2.3559,20.3119,45
2026-02-12,DDR4,SODIMM,6.0016,,2.6756,10.3059,41
2026-02-12,DDR5,DIMM,11.3702,,4.8419,22.6841,70
2026-02-12,DDR5,SODIMM,9.265,,5.2809,13.1244,17
2026-02-13,DDR4,DIMM,7.1565,,2.3559,20.3119,45
2026-02-13,DDR4,SODIMM,6.0016,,2.6756,10.3059,41
2026-02-13,DDR5,DIMM,11.3702,,4.8419,22.6841,70
2026-02-13,DDR5,SODIMM,9.265,,5.2809,13.1244,17
2026-02-14,DDR4,DIMM,7.1565,,2.3559,20.3119,45
2026-02-14,DDR4,SODIMM,6.0016,,2.6756,10.3059,41
2026-02-14,DDR5,DIMM,11.3806,,4.8419,22.6841,70
2026-02-14,DDR5,SODIMM,9.265,,5.2809,13.1244,17
2026-02-15,DDR4,DIMM,7.176,,2.3559,20.3119,45
2026-02-15,DDR4,SODIMM,6.0858,,2.6756,10.3059,41
2026-02-15,DDR5,DIMM,11.3806,,4.8419,22.6841,70
2026-02-15,DDR5,SODIMM,9.265,,5.2809,13.1244,17
2026-02-16,DDR4,DIMM,7.176,,2.3559,20.3119,45
2026-02-16,DDR4,SODIMM,6.0858,,2.6756,10.3059,41
2026-02-16,DDR5,DIMM,11.3806,,4.8419,22.6841,70
2026-02-16,DDR5,SODIMM,9.265,,5.2809,13.1244,17
2026-02-17,DDR4,DIMM,7.176,,2.3559,20.3119,45
2026-02-17,DDR4,SODIMM,6.0885,,2.6756,10.3059,41
2026-02-17,DDR5,DIMM,11.3806,,4.8419,22.6841,70
2026-02-17,DDR5,SODIMM,9.265,,5.2809,13.1244,17
2026-02-18,DDR4,DIMM,7.242,,2.3559,20.3119,45
2026-02-18,DDR4,SODIMM,6.0885,,2.6756,10.3059,41
2026-02-18,DDR5,DIMM,11.3806,,4.8419,22.6841,70
2026-02-18,DDR5,SODIMM,9.265,,5.2809,13.1244,17
2026-02-19,DDR4,DIMM,7.2682,,2.3559,20.3119,45
2026-02-19,DDR4,SODIMM,6.5079,,2.6756,23.7038,42
2026-02-19,DDR5,DIMM,11.365,,4.8419,22.6841,70
2026-02-19,DDR5,SODIMM,9.265,,5.2809,13.1244,17
2026-02-20,DDR4,DIMM,7.2141,,2.3559,20.3119,45
2026-02-20,DDR4,SODIMM,6.4973,,2.6756,23.7038,42
2026-02-20,DDR5,DIMM,11.3742,,4.8419,22.6841,70
2026-02-20,DDR5,SODIMM,9.4445,,5.2809,13.1244,18
2026-02-21,DDR4,DIMM,7.2141,,2.3559,20.3119,45
2026-02-21,DDR4,SODIMM,6.4973,,2.6756,23.7038,42
2026-02-21,DDR5,DIMM,11.3742,,4.8419,22.6841,70
2026-02-21,DDR5,SODIMM,9.4422,,5.2809,13.1244,18
2026-02-22,DDR4,DIMM,7.2141,,2.3559,20.3119,45
2026-02-22,DDR4,SODIMM,6.4973,,2.6756,23.7038,42
2026-02-22,DDR5,DIMM,11.3742,,4.8419,22.6841,70
2026-02-22,DDR5,SODIMM,9.5858,,5.2809,13.1244,18
2026-02-23,DDR4,DIMM,7.2417,,2.3559,20.3119,45
2026-02-23,DDR4,SODIMM,6.4973,,2.6756,23.7038,42
2026-02-23,DDR5,DIMM,11.3742,,4.8419,22.6841,70
2026-02-23,DDR5,SODIMM,9.5858,,5.2809,13.1244,18
2026-02-24,DDR4,DIMM,7.2582,,2.3559,20.3119,46
2026-02-24,DDR4,SODIMM,6.504,,2.6756,23.7038,42
2026-02-24,DDR5,DIMM,11.3742,,4.8419,22.6841,70
2026-02-24,DDR5,SODIMM,9.5858,,5.2809,13.1244,18
2026-02-25,DDR4,DIMM,7.2582,,2.3559,20.3119,46
2026-02-25,DDR4,SODIMM,6.504,,2.6756,23.7038,42
2026-02-25,DDR5,DIMM,11.4113,,4.8419,22.6841,70
2026-02-25,DDR5,SODIMM,9.5858,,5.2809,13.1244,18
2026-02-26,DDR4,DIMM,7.2582,,2.3559,20.3119,46
2026-02-26,DDR4,SODIMM,6.5184,,2.6756,23.7038,42
2026-02-26,DDR5,DIMM,11.4122,,4.8419,22.6841,70
2026-02-26,DDR5,SODIMM,9.5858,,5.2809,13.1244,18
2026-02-27,DDR4,DIMM,7.2895,,2.3559,20.3119,46
2026-02-27,DDR4,SODIMM,6.5722,,2.6756,23.7038,42
2026-02-27,DDR5,DIMM,11.5807,,4.8419,22.6841,71
2026-02-27,DDR5,SODIMM,9.5858,,5.2809,13.1244,18
2026-02-28,DDR4,DIMM,7.3938,,2.3559,20.3119,46
2026-02-28,DDR4,SODIMM,6.5712,,2.6756,23.7038,42
2026-02-28,DDR5,DIMM,11.6498,,4.8419,22.6841,71
2026-02-28,DDR5,SODIMM,9.5858,,5.2809,13.1244,18
2026-03-01,DDR4,DIMM,7.4874,,2.3559,20.3119,47
2026-03-01,DDR4,SODIMM,6.5712,,2.6756,23.7038,42
2026-03-01,DDR5,DIMM,11.7565,,4.8419,22.6841,74
2026-03-01,DDR5,SODIMM,10.1896,,5.2809,18.7494,20
2026-03-02,DDR4,DIMM,7.4874,,2.3559,20.3119,47
2026-03-02,DDR4,SODIMM,6.5712,,2.6756,23.7038,42
2026-03-02,DDR5,DIMM,11.6498,,4.8419,22.6841,71
2026-03-02,DDR5,SODIMM,9.739,,5.2809,13.1244,19
2026-03-03,DDR4,DIMM,7.4874,,2.3559,20.3119,47
2026-03-03,DDR4,SODIMM,6.5712,,2.6756,23.7038,42
2026-03-03,DDR5,DIMM,11.6498,,4.8419,22.6841,71
2026-03-03,DDR5,SODIMM,9.739,,5.2809,13.1244,19
2026-03-04,DDR4,DIMM,7.4874,,2.3559,20.3119,47
2026-03-04,DDR4,SODIMM,6.5712,,2.6756,23.7038,42
2026-03-04,DDR5,DIMM,11.6498,,4.8419,22.6841,71
2026-03-04,DDR5,SODIMM,9.739,,5.2809,13.1244,19
2026-03-05,DDR4,DIMM,7.4874,,2.3559,20.3119,47
2026-03-05,DDR4,SODIMM,6.5712,,2.6756,23.7038,42
2026-03-05,DDR5,DIMM,11.6498,,4.8419,22.6841,71
2026-03-05,DDR5,SODIMM,9.739,,5.2809,13.1244,19
2026-03-06,DDR4,DIMM,7.4874,,2.3559,20.3119,47
2026-03-06,DDR4,SODIMM,6.5712,,2.6756,23.7038,42
2026-03-06,DDR5,DIMM,11.6498,,4.8419,22.6841,71
2026-03-06,DDR5,SODIMM,9.739,,5.2809,13.1244,19
2026-03-07,DDR4,DIMM,7.4874,,2.3559,20.3119,47
2026-03-07,DDR4,SODIMM,6.5712,,2.6756,23.7038,42
2026-03-07,DDR5,DIMM,11.6963,,4.8419,22.6841,72
2026-03-07,DDR5,SODIMM,9.739,,5.2809,13.1244,19
2026-03-08,DDR4,DIMM,7.4874,,2.3559,20.3119,47
2026-03-08,DDR4,SODIMM,6.5712,,2.6756,23.7038,42
2026-03-08,DDR5,DIMM,11.6498,,4.8419,22.6841,71
2026-03-08,DDR5,SODIMM,9.739,,5.2809,13.1244,19
2026-03-09,DDR4,DIMM,7.4874,,2.3559,20.3119,47
2026-03-09,DDR4,SODIMM,6.5712,,2.6756,23.7038,42
2026-03-09,DDR5,DIMM,11.6498,,4.8419,22.6841,71
2026-03-09,DDR5,SODIMM,9.739,,5.2809,13.1244,19
2026-03-10,DDR4,DIMM,7.4874,,2.3559,20.3119,47
2026-03-10,DDR4,SODIMM,6.5712,,2.6756,23.7038,42
2026-03-10,DDR5,DIMM,11.6498,,4.8419,22.6841,71
2026-03-10,DDR5,SODIMM,9.739,,5.2809,13.1244,19
2026-03-11,DDR4,DIMM,7.4874,,2.3559,20.3119,47
2026-03-11,DDR4,SODIMM,6.5712,,2.6756,23.7038,42
2026-03-11,DDR5,DIMM,11.6498,,4.8419,22.6841,71
2026-03-11,DDR5,SODIMM,9.739,,5.2809,13.1244,19
2026-03-12,DDR4,DIMM,7.4874,,2.3559,20.3119,47
2026-03-12,DDR4,SODIMM,6.5712,,2.6756,23.7038,42
2026-03-12,DDR5,DIMM,11.6498,,4.8419,22.6841,71
2026-03-12,DDR5,SODIMM,9.739,,5.2809,13.1244,19
2026-03-13,DDR4,DIMM,7.4874,,2.3559,20.3119,47
2026-03-13,DDR4,SODIMM,6.5712,,2.6756,23.7038,42
2026-03-13,DDR5,DIMM,11.6489,,4.8419,22.6841,71
2026-03-13,DDR5,SODIMM,9.739,,5.2809,13.1244,19
2026-03-14,DDR4,DIMM,7.5516,,2.3559,20.3119,49
2026-03-14,DDR4,SODIMM,6.9583,,2.6756,23.7038,63
2026-03-14,DDR5,DIMM,13.0628,,4.8419,22.6841,115
2026-03-14,DDR5,SODIMM,11.5027,,5.2809,18.7497,42
2026-03-15,DDR4,DIMM,7.5267,,2.3559,20.3119,48
2026-03-15,DDR4,SODIMM,6.9583,,2.6756,23.7038,63
2026-03-15,DDR5,DIMM,12.9928,,4.8419,22.6841,109
2026-03-15,DDR5,SODIMM,11.5698,,5.2809,18.7497,41
2026-03-16,DDR4,DIMM,7.5389,,2.3559,20.3119,49
2026-03-16,DDR4,SODIMM,6.9583,,2.6756,23.7038,63
2026-03-16,DDR5,DIMM,12.9928,,4.8419,22.6841,109
2026-03-16,DDR5,SODIMM,11.5698,,5.2809,18.7497,41
2026-03-17,DDR4,DIMM,7.5267,,2.3559,20.3119,48
2026-03-17,DDR4,SODIMM,6.9583,,2.6756,23.7038,63
2026-03-17,DDR5,DIMM,12.9957,,4.8419,22.6841,110
2026-03-17,DDR5,SODIMM,11.5698,,5.2809,18.7497,41
2026-03-18,DDR4,DIMM,7.5267,,2.3559,20.3119,48
2026-03-18,DDR4,SODIMM,6.9583,,2.6756,23.7038,63
2026-03-18,DDR5,DIMM,13.0158,,4.8419,22.6841,110
2026-03-18,DDR5,SODIMM,11.5698,,5.2809,18.7497,41
2026-03-19,DDR4,DIMM,7.5267,,2.3559,20.3119,48
2026-03-19,DDR4,SODIMM,6.9717,,2.6756,23.7038,64
2026-03-19,DDR5,DIMM,13.0467,,4.8419,22.6841,113
2026-03-19,DDR5,SODIMM,11.5698,,5.2809,18.7497,41
2026-03-20,DDR4,DIMM,7.634,,2.3559,20.3119,61
2026-03-20,DDR4,SODIMM,6.9897,,2.6756,23.7038,73
2026-03-20,DDR5,DIMM,12.9918,,4.8419,22.6841,132
2026-03-20,DDR5,SODIMM,11.325,,5.2809,18.7497,47
2026-03-21,DDR4,DIMM,7.5267,,2.3559,20.3119,48
2026-03-21,DDR4,SODIMM,7.024,,2.6756,23.7038,65
2026-03-21,DDR5,DIMM,12.9818,,4.8419,22.6841,111
2026-03-21,DDR5,SODIMM,11.4677,,5.2809,18.7497,43
2026-03-22,DDR4,DIMM,7.5267,,2.3559,20.3119,48
2026-03-22,DDR4,SODIMM,6.9904,,2.6756,23.7038,65
2026-03-22,DDR5,DIMM,12.9182,,4.7969,22.6841,110
2026-03-22,DDR5,SODIMM,11.5362,,5.2809,18.7497,42
2026-03-23,DDR4,DIMM,7.5267,,2.3559,20.3119,48
2026-03-23,DDR4,SODIMM,6.9583,,2.6756,23.7038,63
2026-03-23,DDR5,DIMM,12.8994,,3.125,22.6841,111
2026-03-23,DDR5,SODIMM,11.5698,,5.2809,18.7497,41
2026-03-24,DDR4,DIMM,7.5267,,2.3559,20.3119,48
2026-03-24,DDR4,SODIMM,6.9917,,2.6756,23.7038,64
2026-03-24,DDR5,DIMM,12.9928,,4.8419,22.6841,109
2026-03-24,DDR5,SODIMM,11.5098,,5.2809,18.7497,43
2026-03-25,DDR4,DIMM,7.5414,,2.3559,20.3119,52
2026-03-25,DDR4,SODIMM,6.9583,,2.6756,23.7038,63
2026-03-25,DDR5,DIMM,12.8497,,3.5156,22.6841,111
2026-03-25,DDR5,SODIMM,11.5698,,5.2809,18.7497,41
2026-03-26,DDR4,DIMM,7.5389,,2.3559,20.3119,49
2026-03-26,DDR4,SODIMM,6.9583,,2.6756,23.7038,63
2026-03-26,DDR5,DIMM,13.0602,,4.8419,22.6841,112
2026-03-26,DDR5,SODIMM,11.5698,,5.2809,18.7497,41
2026-03-27,DDR4,DIMM,7.5121,,2.3559,20.3119,49
2026-03-27,DDR4,SODIMM,6.9583,,2.6756,23.7038,63
2026-03-27,DDR5,DIMM,12.9612,,4.6875,22.6841,113
2026-03-27,DDR5,SODIMM,11.5698,,5.2809,18.7497,41
2026-03-28,DDR4,DIMM,7.5006,,2.3559,20.3119,49
2026-03-28,DDR4,SODIMM,7.0564,,2.6756,23.7038,65
2026-03-28,DDR5,DIMM,12.9796,,4.8419,22.6841,112
2026-03-28,DDR5,SODIMM,11.4803,,5.2809,18.7497,42
2026-03-29,DDR4,DIMM,7.4038,,2.3559,20.3119,51
2026-03-29,DDR4,SODIMM,6.9583,,2.6756,23.7038,63
2026-03-29,DDR5,DIMM,13.049,,4.8419,22.6841,112
2026-03-29,DDR5,SODIMM,11.5698,,5.2809,18.7497,41
2026-03-30,DDR4,DIMM,7.5975,,2.3559,20.3119,51
2026-03-30,DDR4,SODIMM,7.0072,,2.6756,23.7038,65
2026-03-30,DDR5,DIMM,13.0862,,4.6875,22.6841,118
2026-03-30,DDR5,SODIMM,11.5324,,5.2809,18.7497,42
2026-03-31,DDR4,DIMM,7.6886,,2.3559,20.3119,60
2026-03-31,DDR4,SODIMM,7.0259,,1.8119,23.7038,80
2026-03-31,DDR5,DIMM,13.2439,,4.6719,37.175,136
2026-03-31,DDR5,SODIMM,11.7083,,5.2809,29.9,53
2026-04-01,DDR4,DIMM,8.7374,,4.1031,32.0919,103
2026-04-01,DDR4,SODIMM,8.1186,,1.8119,29.7738,89
2026-04-01,DDR5,DIMM,14.6995,,2.8737,43.7498,231
2026-04-01,DDR5,SODIMM,12.1187,,4.0619,28.3525,69
2026-04-02,DDR4,DIMM,8.7514,,4.1031,32.0919,103
2026-04-02,DDR4,SODIMM,8.1057,,1.8119,29.7738,89
2026-04-02,DDR5,DIMM,14.6998,,2.8737,43.75,231
2026-04-02,DDR5,SODIMM,12.2125,,4.0619,28.3256,69
2026-04-03,DDR4,DIMM,8.7264,,4.1031,32.0919,103
2026-04-03,DDR4,SODIMM,8.0962,,1.195,29.7738,89
2026-04-03,DDR5,DIMM,14.684,,2.7497,43.3127,231
2026-04-03,DDR5,SODIMM,12.0343,,4.0619,27.1266,69
2026-04-04,DDR4,DIMM,8.7174,,4.1031,32.0919,103
2026-04-04,DDR4,SODIMM,8.0946,,1.195,29.7738,89
2026-04-04,DDR5,DIMM,14.6599,,2.7497,43.3127,231
2026-04-04,DDR5,SODIMM,11.9635,,4.0619,27.0706,69
2026-04-05,DDR4,DIMM,8.6969,,4.1031,32.0919,103
2026-04-05,DDR4,SODIMM,8.0642,,1.195,29.7738,89
2026-04-05,DDR5,DIMM,14.5614,,2.7497,35.4841,231
2026-04-05,DDR5,SODIMM,12.0449,,6.4684,28.3794,69
2026-04-06,DDR4,DIMM,8.7083,,4.1031,32.0919,103
2026-04-06,DDR4,SODIMM,8.0581,,1.195,29.7738,89
2026-04-06,DDR5,DIMM,14.5387,,2.7497,35.4841,231
2026-04-06,DDR5,SODIMM,11.9041,,4.0619,28.3794,69
2026-04-07,DDR4,DIMM,8.6756,,4.1031,32.0919,103
2026-04-07,DDR4,SODIMM,8.0007,,1.195,29.7738,89
2026-04-07,DDR5,DIMM,14.4729,,2.7497,35.4841,231
2026-04-07,DDR5,SODIMM,12.0161,,4.0619,27.0113,69
2026-04-08,DDR4,DIMM,8.725,,4.1031,32.0919,100
2026-04-08,DDR4,SODIMM,8.1076,,1.195,29.7738,90
2026-04-08,DDR5,DIMM,14.4551,,2.7497,35.4841,222
2026-04-08,DDR5,SODIMM,12.0213,,4.0619,29.1078,64
2026-04-09,DDR4,DIMM,8.7198,,4.1031,32.0919,100
2026-04-09,DDR4,SODIMM,8.0964,,2.4578,29.7738,90
2026-04-09,DDR5,DIMM,14.4553,,2.7497,35.4841,222
2026-04-09,DDR5,SODIMM,11.9756,,4.0619,29.1078,65
2026-04-10,DDR4,DIMM,8.7198,,4.1031,32.0919,100
2026-04-10,DDR4,SODIMM,8.0886,,2.4578,29.7738,90
2026-04-10,DDR5,DIMM,14.4279,,2.7497,35.4841,222
2026-04-10,DDR5,SODIMM,11.9788,,4.0619,29.1078,65
2026-04-11,DDR4,DIMM,8.7198,,4.1031,32.0919,100
2026-04-11,DDR4,SODIMM,8.0886,,2.4578,29.7738,90
2026-04-11,DDR5,DIMM,14.433,,2.7497,35.4841,222
2026-04-11,DDR5,SODIMM,11.9758,,4.0619,29.1078,65
2026-04-12,DDR4,DIMM,8.7198,,4.1031,32.0919,100
2026-04-12,DDR4,SODIMM,8.0931,,2.4578,29.7738,90
2026-04-12,DDR5,DIMM,14.4273,,2.7497,35.4841,222
2026-04-12,DDR5,SODIMM,11.9818,,4.0619,29.1078,65
2026-04-13,DDR4,DIMM,8.7542,,4.1031,32.0919,100
2026-04-13,DDR4,SODIMM,8.0675,,2.4578,29.7738,90
2026-04-13,DDR5,DIMM,14.4292,,2.7497,35.4841,222
2026-04-13,DDR5,SODIMM,11.9818,,4.0619,29.1078,65
2026-04-14,DDR4,DIMM,8.7542,,4.1031,32.0919,100
2026-04-14,DDR4,SODIMM,8.046,,2.4578,29.7738,90
2026-04-14,DDR5,DIMM,14.4349,,2.7497,35.4841,222
2026-04-14,DDR5,SODIMM,11.965,,4.0619,29.1078,65
2026-04-15,DDR4,DIMM,8.7542,,4.1031,32.0919,100
2026-04-15,DDR4,SODIMM,8.1325,,2.7859,29.7738,90
2026-04-15,DDR5,DIMM,14.4295,,2.7497,35.4841,222
2026-04-15,DDR5,SODIMM,11.924,,4.0619,29.1078,65
2026-04-16,DDR4,DIMM,8.7639,,4.1031,32.0919,100
2026-04-16,DDR4,SODIMM,8.1005,,2.7859,29.7738,90
2026-04-16,DDR5,DIMM,14.4291,,2.7497,35.4841,222
2026-04-16,DDR5,SODIMM,11.8995,,4.0619,29.1078,65
2026-04-17,DDR4,DIMM,8.7611,,4.1031,32.0919,100
2026-04-17,DDR4,SODIMM,8.0426,,1.195,29.7738,90
2026-04-17,DDR5,DIMM,14.4466,,2.7497,35.4841,222
2026-04-17,DDR5,SODIMM,11.9023,,4.0619,29.1078,65
2026-04-18,DDR4,DIMM,8.7452,,4.1031,32.0919,100
2026-04-18,DDR4,SODIMM,8.0313,,2.4578,29.7738,90
2026-04-18,DDR5,DIMM,14.4283,,2.7497,35.4841,222
2026-04-18,DDR5,SODIMM,11.8873,,4.0619,29.1078,65
2026-04-19,DDR4,DIMM,8.7478,,4.1031,32.0919,100
2026-04-19,DDR4,SODIMM,8.0682,,2.4578,29.7738,90
2026-04-19,DDR5,DIMM,14.4255,,2.7497,35.4841,222
2026-04-19,DDR5,SODIMM,11.8701,,4.0619,29.1078,65
2026-04-20,DDR4,DIMM,8.735,,4.1031,32.0919,100
2026-04-20,DDR4,SODIMM,8.0682,,2.4578,29.7738,90
2026-04-20,DDR5,DIMM,14.4302,,2.7497,35.4841,222
2026-04-20,DDR5,SODIMM,11.8744,,4.0619,29.1078,65
2026-04-21,DDR4,DIMM,8.74,,4.1031,32.0919,100
2026-04-21,DDR4,SODIMM,8.0682,,2.4578,29.7738,90
2026-04-21,DDR5,DIMM,14.4223,,2.7497,35.4841,222
2026-04-21,DDR5,SODIMM,11.9167,,4.0619,29.1078,65
2026-04-22,DDR4,DIMM,8.7274,,4.1031,32.0919,100
2026-04-22,DDR4,SODIMM,8.0643,,2.4578,29.7738,90
2026-04-22,DDR5,DIMM,14.4149,,2.7497,35.4841,222
2026-04-22,DDR5,SODIMM,11.8999,,4.0619,29.1078,65
2026-04-23,DDR4,DIMM,8.7305,,4.1031,32.0919,100
2026-04-23,DDR4,SODIMM,8.057,,2.4578,29.7738,90
2026-04-23,DDR5,DIMM,14.3894,,2.7497,35.4841,222
2026-04-23,DDR5,SODIMM,11.9172,,4.0619,29.1078,65
2026-04-24,DDR4,DIMM,8.7223,,4.1031,32.0919,100
2026-04-24,DDR4,SODIMM,8.057,,2.4578,29.7738,90
2026-04-24,DDR5,DIMM,14.3893,,2.7497,35.4841,222
2026-04-24,DDR5,SODIMM,11.9652,,4.0619,29.1078,65
2026-04-25,DDR4,DIMM,8.7286,,4.1031,32.0919,100
2026-04-25,DDR4,SODIMM,8.0604,,2.4578,29.7738,90
2026-04-25,DDR5,DIMM,14.3877,,2.7497,35.4841,222
2026-04-25,DDR5,SODIMM,11.9604,,4.0619,29.1078,65
2026-04-26,DDR4,DIMM,8.7286,,4.1031,32.0919,100
2026-04-26,DDR4,SODIMM,8.0641,,2.4578,29.7738,90
2026-04-26,DDR5,DIMM,14.3773,,2.7497,35.4841,222
2026-04-26,DDR5,SODIMM,11.9571,,4.0619,29.1078,65
2026-04-27,DDR4,DIMM,8.7468,,4.1031,32.0919,100
2026-04-27,DDR4,SODIMM,8.0641,,2.4578,29.7738,90
2026-04-27,DDR5,DIMM,14.3773,,2.7497,35.4841,222
2026-04-27,DDR5,SODIMM,11.9571,,4.0619,29.1078,65
2026-04-28,DDR4,DIMM,8.7462,,4.1031,32.0919,100
2026-04-28,DDR4,SODIMM,8.0816,,2.4734,29.7738,90
2026-04-28,DDR5,DIMM,14.3891,,2.7497,35.4841,222
2026-04-28,DDR5,SODIMM,11.9499,,4.0619,29.1078,65
2026-04-29,DDR4,DIMM,8.7437,,4.1031,32.0919,100
2026-04-29,DDR4,SODIMM,8.0443,,2.4734,29.7738,90
2026-04-29,DDR5,DIMM,14.4277,,2.7497,35.4841,222
2026-04-29,DDR5,SODIMM,11.9316,,4.0619,29.1078,65
2026-04-30,DDR4,DIMM,8.7437,,4.1031,32.0919,100
2026-04-30,DDR4,SODIMM,8.0228,,2.7859,29.7738,90
2026-04-30,DDR5,DIMM,14.4154,,2.7497,35.4841,222
2026-04-30,DDR5,SODIMM,11.9054,,4.0619,29.1078,65
2026-05-01,DDR4,DIMM,8.7499,,4.1031,32.0919,100
2026-05-01,DDR4,SODIMM,8.0228,,2.7859,29.7738,90
2026-05-01,DDR5,DIMM,14.4161,,2.7497,35.4841,222
2026-05-01,DDR5,SODIMM,11.9337,,4.0619,29.1078,65
2026-05-02,DDR4,DIMM,8.7499,,4.1031,32.0919,100
2026-05-02,DDR4,SODIMM,8.0228,,2.7859,29.7738,90
2026-05-02,DDR5,DIMM,14.4115,,2.7497,35.4841,222
2026-05-02,DDR5,SODIMM,11.9121,,4.0619,29.1078,65
2026-05-03,DDR4,DIMM,8.7531,,4.1031,32.0919,100
2026-05-03,DDR4,SODIMM,8.0228,,2.7859,29.7738,90
2026-05-03,DDR5,DIMM,14.3787,,2.7497,35.4841,222
2026-05-03,DDR5,SODIMM,11.9169,,4.0619,29.1078,65
2026-05-04,DDR4,DIMM,8.7465,,4.1031,32.0919,100
2026-05-04,DDR4,SODIMM,8.0229,,2.7859,29.7738,90
2026-05-04,DDR5,DIMM,14.3888,,2.7497,35.4841,222
2026-05-04,DDR5,SODIMM,11.9536,,4.0619,29.1078,65
2026-05-05,DDR4,DIMM,8.7465,,4.1031,32.0919,100
2026-05-05,DDR4,SODIMM,8.0229,,2.7859,29.7738,90
2026-05-05,DDR5,DIMM,14.3924,,2.7497,35.4841,222
2026-05-05,DDR5,SODIMM,11.9455,,4.0619,29.1078,65
2026-05-06,DDR4,DIMM,8.7465,,4.1031,32.0919,100
2026-05-06,DDR4,SODIMM,8.0129,,2.4734,29.7738,90
2026-05-06,DDR5,DIMM,14.3976,,2.7497,35.4841,222
2026-05-06,DDR5,SODIMM,11.9453,,4.0619,29.1078,65
2026-05-07,DDR4,DIMM,8.7465,,4.1031,32.0919,100
2026-05-07,DDR4,SODIMM,8.0164,,2.4734,29.7738,90
2026-05-07,DDR5,DIMM,14.4021,,2.7497,35.4841,222
2026-05-07,DDR5,SODIMM,11.9485,,4.0619,29.1078,65
2026-05-08,DDR4,DIMM,8.7465,,4.1031,32.0919,100
2026-05-08,DDR4,SODIMM,7.9751,,2.4734,29.7738,90
2026-05-08,DDR5,DIMM,14.4021,,2.7497,35.4841,222
2026-05-08,DDR5,SODIMM,11.9553,,4.0619,29.1078,65
2026-05-09,DDR4,DIMM,8.7465,,4.1031,32.0919,100
2026-05-09,DDR4,SODIMM,7.9783,,2.4734,29.7738,90
2026-05-09,DDR5,DIMM,14.4044,,2.7497,35.4841,222
2026-05-09,DDR5,SODIMM,11.9602,,4.0619,29.1078,65
2026-05-10,DDR4,DIMM,8.6748,,1.3594,32.0919,100
2026-05-10,DDR4,SODIMM,7.9952,,1.9063,29.7738,90
2026-05-10,DDR5,DIMM,14.4044,,2.7497,35.4841,222
2026-05-10,DDR5,SODIMM,11.9842,,4.0619,29.1078,65
2026-05-11,DDR4,DIMM,8.6745,,1.3281,32.0919,100
2026-05-11,DDR4,SODIMM,7.9952,,1.9063,29.7738,90
2026-05-11,DDR5,DIMM,14.4021,,2.7497,35.4841,222
2026-05-11,DDR5,SODIMM,11.9818,,4.0619,29.1078,65
2026-05-12,DDR4,DIMM,8.6842,,1.3281,32.0919,100
2026-05-12,DDR4,SODIMM,7.9987,,1.9063,29.7738,90
2026-05-12,DDR5,DIMM,14.3741,,2.7497,35.4841,222
2026-05-12,DDR5,SODIMM,12.0496,,4.0619,29.1078,65
2026-05-13,DDR4,DIMM,8.6764,,1.3281,32.0919,100
2026-05-13,DDR4,SODIMM,7.9934,,1.9063,29.7738,90
2026-05-13,DDR5,DIMM,14.3739,,2.7497,35.4841,222
2026-05-13,DDR5,SODIMM,11.9799,,4.0619,29.1078,65
2026-05-14,DDR4,DIMM,8.6214,,1.3281,32.0919,100
2026-05-14,DDR4,SODIMM,7.9953,,1.9063,29.7738,90
2026-05-14,DDR5,DIMM,14.3865,,2.7497,35.4841,222
2026-05-14,DDR5,SODIMM,11.9753,,4.0619,29.1078,65
2026-05-15,DDR4,DIMM,8.6214,,1.3281,32.0919,100
2026-05-15,DDR4,SODIMM,7.9953,,1.9063,29.7738,90
2026-05-15,DDR5,DIMM,14.3851,,2.7497,35.4841,222
2026-05-15,DDR5,SODIMM,11.958,,4.0619,29.1078,65
2026-05-16,DDR4,DIMM,8.6214,,1.3281,32.0919,100
2026-05-16,DDR4,SODIMM,7.9769,,1.1188,29.7738,90
2026-05-16,DDR5,DIMM,14.3634,,2.7497,35.4841,222
2026-05-16,DDR5,SODIMM,11.9818,,4.0619,29.1078,65
2026-05-17,DDR4,DIMM,8.6261,,1.3281,32.0919,100
2026-05-17,DDR4,SODIMM,7.9822,,1.1188,29.7738,90
2026-05-17,DDR5,DIMM,14.3589,,2.7497,35.4841,222
2026-05-17,DDR5,SODIMM,11.9839,,4.0619,29.1078,65
2026-05-18,DDR4,DIMM,8.6671,,1.3281,32.0919,100
2026-05-18,DDR4,SODIMM,7.9855,,1.1188,29.7738,90
2026-05-18,DDR5,DIMM,14.3603,,2.7497,35.4841,222
2026-05-18,DDR5,SODIMM,12.0424,,4.0619,29.1078,65
2026-05-19,DDR4,DIMM,8.6483,,1.3281,32.0919,100
2026-05-19,DDR4,SODIMM,7.9695,,1.1188,29.7738,90
2026-05-19,DDR5,DIMM,14.3566,,2.7497,35.4841,222
2026-05-19,DDR5,SODIMM,11.9967,,4.0619,29.1078,65
2026-05-20,DDR4,DIMM,8.6414,,1.3281,32.0919,100
2026-05-20,DDR4,SODIMM,7.9647,,1.1188,29.7738,90
2026-05-20,DDR5,DIMM,14.3281,,2.7497,35.4841,222
2026-05-20,DDR5,SODIMM,11.9383,,4.0619,29.1078,65
2026-05-21,DDR4,DIMM,8.6452,,1.3281,32.0919,100
2026-05-21,DDR4,SODIMM,7.9772,,1.1188,29.7738,90
2026-05-21,DDR5,DIMM,14.3281,,2.7497,35.4841,222
2026-05-21,DDR5,SODIMM,11.9796,,4.0619,29.1078,65
2026-05-22,DDR4,DIMM,8.6037,,1.3281,32.0919,100
2026-05-22,DDR4,SODIMM,7.9792,,1.9063,29.7738,90
2026-05-22,DDR5,DIMM,14.3267,,2.7497,35.4841,222
2026-05-22,DDR5,SODIMM,11.9258,,4.0619,29.1078,65
2026-05-23,DDR4,DIMM,8.5837,,1.3281,32.0919,100
2026-05-23,DDR4,SODIMM,7.9792,,1.9063,29.7738,90
2026-05-23,DDR5,DIMM,14.3564,,2.7497,35.4841,222
2026-05-23,DDR5,SODIMM,11.8981,,4.0619,29.1078,65
2026-05-24,DDR4,DIMM,7.2438,7.8298,1.3281,10.6244,32
2026-05-24,DDR4,SODIMM,7.1054,5.7422,1.9063,11.2494,39
2026-05-24,DDR5,DIMM,13.284,15.9502,3.1244,21.8749,99
2026-05-24,DDR5,SODIMM,10.7717,14.4325,4.4166,28.1238,30
2026-05-25,DDR4,DIMM,8.4822,7.6238,1.5155,26.6688,111
2026-05-25,DDR4,SODIMM,7.1579,5.9981,1.1188,26.5944,100
2026-05-25,DDR5,DIMM,15.909,15.3308,3.1738,28.4694,243
2026-05-25,DDR5,SODIMM,13.0499,11.7341,4.5613,28.1238,82
2026-05-26,DDR4,DIMM,8.487,7.6238,1.3281,26.6688,111
2026-05-26,DDR4,SODIMM,7.1279,5.9981,1.1188,26.5944,100
2026-05-26,DDR5,DIMM,15.8785,15.3308,3.1738,28.4694,243
2026-05-26,DDR5,SODIMM,12.8745,11.8747,4.5613,28.1238,82
2026-05-27,DDR4,DIMM,8.4806,7.6238,1.3281,26.6688,111
2026-05-27,DDR4,SODIMM,7.1579,5.9975,1.1188,26.5944,100
2026-05-27,DDR5,DIMM,15.9244,15.2975,3.1738,28.4694,243
2026-05-27,DDR5,SODIMM,13.0343,11.8747,4.5613,28.1238,82
2026-05-28,DDR4,DIMM,8.4806,6.8416,1.3281,26.6688,111
2026-05-28,DDR4,SODIMM,7.1252,5.6219,1.1188,26.5944,100
2026-05-28,DDR5,DIMM,15.8914,10.9063,3.1738,28.4694,243
2026-05-28,DDR5,SODIMM,12.8764,9.4259,4.5613,28.1238,82
2026-05-29,DDR4,DIMM,6.7631,6.25,2.82,21.25,93
2026-05-29,DDR4,SODIMM,5.9097,5.6219,1.1188,12.7888,56
2026-05-29,DDR5,DIMM,11.6836,10.9063,6.7663,25.4063,231
2026-05-29,DDR5,SODIMM,10.0628,9.3438,2.4998,28.1238,75
2026-05-30,DDR4,DIMM,6.7631,6.25,2.82,21.25,93
2026-05-30,DDR4,SODIMM,5.9097,5.6231,1.1188,12.7888,56
2026-05-30,DDR5,DIMM,11.6836,10.9063,6.7663,25.4063,231
2026-05-30,DDR5,SODIMM,10.0628,9.3438,2.4998,28.1238,75
2026-05-31,DDR4,DIMM,6.7631,6.25,2.82,21.25,93
2026-05-31,DDR4,SODIMM,5.9595,5.6231,1.1188,12.7888,57
2026-05-31,DDR5,DIMM,11.7181,10.9063,6.7663,25.4063,231
2026-05-31,DDR5,SODIMM,10.0628,9.3438,2.4998,28.1238,75
2026-06-01,DDR4,DIMM,6.7631,7.1402,2.82,21.25,93
2026-06-01,DDR4,SODIMM,5.9595,6.1684,1.1188,12.7888,57
2026-06-01,DDR5,DIMM,11.7181,11.7188,6.7663,25.4063,231
2026-06-01,DDR5,SODIMM,10.0628,10.2813,2.4998,28.1238,75
2026-06-02,DDR4,DIMM,7.428,7.187,2.82,21.25,88
2026-06-02,DDR4,SODIMM,7.7236,6.1388,1.1188,32.1238,71
2026-06-02,DDR5,DIMM,12.6089,11.7188,6.7892,31.2263,205
2026-06-02,DDR5,SODIMM,11.1931,10.1405,5.7659,28.1238,67
2026-06-03,DDR4,DIMM,7.4721,7.187,2.82,21.25,88
2026-06-03,DDR4,SODIMM,7.4955,6.1903,1.1188,28.7095,71
2026-06-03,DDR5,DIMM,12.5108,11.7188,2.0311,31.2396,206
2026-06-03,DDR5,SODIMM,11.0901,9.9997,5.7463,28.1238,67
2026-06-04,DDR4,DIMM,7.3917,6.8827,4.7858,11.5419,90
2026-06-04,DDR4,SODIMM,7.4792,6.1388,2.9899,15.4463,72
2026-06-04,DDR5,DIMM,12.6486,11.8747,9.2031,21.2497,206
2026-06-04,DDR5,SODIMM,11.0758,10.3123,6.3764,14.967,67
2026-06-05,DDR4,DIMM,7.4236,7.0156,4.7858,11.1671,90
2026-06-05,DDR4,SODIMM,7.5705,6.2419,3.625,15.4463,73
2026-06-05,DDR5,DIMM,12.598,11.7187,8.3481,21.2497,206
2026-06-05,DDR5,SODIMM,11.0513,10.1559,6.35,14.9623,67
2026-06-06,DDR4,DIMM,7.5112,7.1402,4.9059,11.2019,91
2026-06-06,DDR4,SODIMM,7.5943,6.2475,3.4375,15.4463,73
2026-06-06,DDR5,DIMM,12.688,11.8716,9.2031,21.2497,206
2026-06-06,DDR5,SODIMM,10.9655,9.9994,6.2298,14.9623,67
2026-06-07,DDR4,DIMM,7.5876,7.1872,4.953,11.5156,91
2026-06-07,DDR4,SODIMM,7.6292,6.2475,3.4375,15.4463,73
2026-06-07,DDR5,DIMM,12.6282,11.7186,8.9689,21.2497,206
2026-06-07,DDR5,SODIMM,11.0136,9.9994,6.2214,14.9623,67
2026-06-08,DDR4,DIMM,7.6001,7.1403,4.9059,11.4894,92
2026-06-08,DDR4,SODIMM,7.6189,6.2475,3.4375,15.4463,73
2026-06-08,DDR5,DIMM,12.6814,11.8747,9.2031,20.9666,206
2026-06-08,DDR5,SODIMM,11.0227,9.9994,6.3318,14.9623,67
2026-06-09,DDR4,DIMM,7.5924,7.0545,4.9059,11.4631,93
2026-06-09,DDR4,SODIMM,7.6748,6.2447,3.6993,15.4463,73
2026-06-09,DDR5,DIMM,12.7493,11.8747,9.2031,21.2497,206
2026-06-09,DDR5,SODIMM,10.9888,9.9997,6.3318,14.9623,67
2026-06-10,DDR4,DIMM,7.5192,7.0156,4.9059,11.4631,93
2026-06-10,DDR4,SODIMM,7.5015,6.1875,3.1311,15.4463,74
2026-06-10,DDR5,DIMM,12.8078,11.8747,9.2031,21.6247,209
2026-06-10,DDR5,SODIMM,11.0617,9.9997,6.3244,14.9623,67
2026-06-11,DDR4,DIMM,7.5428,7.1403,5,11.5164,93
2026-06-11,DDR4,SODIMM,7.5194,6.2031,3.1311,15.4463,74
2026-06-11,DDR5,DIMM,12.7729,12.0313,9.2031,20.5708,210
2026-06-11,DDR5,SODIMM,10.8994,9.9471,6.3264,14.9623,67
2026-06-12,DDR4,DIMM,7.5144,6.9216,5,10.8759,93
2026-06-12,DDR4,SODIMM,7.5268,6.1875,2.8972,15.4463,76
2026-06-12,DDR5,DIMM,12.7859,11.9269,8.7269,20.5708,210
2026-06-12,DDR5,SODIMM,10.9245,9.8698,6.3291,14.9623,67
2026-06-13,DDR4,DIMM,7.3538,6.6406,4.3738,10.8759,93
2026-06-13,DDR4,SODIMM,7.4849,6.2031,2.8972,15.4463,76
2026-06-13,DDR5,DIMM,12.7073,11.8281,8.6203,21.2497,210
2026-06-13,DDR5,SODIMM,10.9279,9.7656,6.3177,14.9623,67
2026-06-14,DDR4,DIMM,7.3097,6.5469,4.3738,10.8759,93
2026-06-14,DDR4,SODIMM,7.4846,6.2031,2.8972,15.4463,76
2026-06-14,DDR5,DIMM,12.8618,12.1275,8.6724,21.2497,210
2026-06-14,DDR5,SODIMM,10.8345,9.8438,6.3084,14.9623,67
2026-06-15,DDR4,DIMM,7.2432,6.3997,4.3738,10.8759,93
2026-06-15,DDR4,SODIMM,7.4846,6.2031,2.8972,15.4463,76
2026-06-15,DDR5,DIMM,13.0681,12.2872,8.4522,21.2497,211
2026-06-15,DDR5,SODIMM,10.8412,9.8438,6.3084,14.9623,67
2026-06-16,DDR4,DIMM,7.1952,6.5081,4.3739,10.7775,94
2026-06-16,DDR4,SODIMM,7.4113,6.1631,2.8972,15.4463,76
2026-06-16,DDR5,DIMM,12.958,12.057,8.4522,21.2497,211
2026-06-16,DDR5,SODIMM,10.7847,9.9476,6.3084,14.9623,67
2026-06-17,DDR4,DIMM,7.1583,6.5081,4.3741,10.5802,95
2026-06-17,DDR4,SODIMM,7.3648,6.1631,2.8972,15.4463,76
2026-06-17,DDR5,DIMM,13.3064,12.2813,9.3984,21.2497,211
2026-06-17,DDR5,SODIMM,10.8746,9.7656,6.2317,14.9685,66
2026-06-18,DDR4,DIMM,7.1786,6.4505,4.5828,10.6226,95
2026-06-18,DDR4,SODIMM,7.1484,5.9903,2.405,15.4463,76
2026-06-18,DDR5,DIMM,13.2458,12.1897,9.3967,21.2497,211
2026-06-18,DDR5,SODIMM,10.8381,9.8698,6.2981,14.9623,67
2026-06-19,DDR4,DIMM,7.2123,6.25,4.5828,10.6246,95
2026-06-19,DDR4,SODIMM,7.1777,6.1875,2.8972,15.5377,76
2026-06-19,DDR5,DIMM,13.2441,12.1588,8.9766,21.5622,211
2026-06-19,DDR5,SODIMM,10.8536,9.8698,6.1831,14.9685,66
2026-06-20,DDR4,DIMM,7.1389,6.25,4.5828,10.6246,95
2026-06-20,DDR4,SODIMM,7.1802,6.1875,2.9428,15.5194,77
2026-06-20,DDR5,DIMM,13.4617,12.2656,8.9063,21.8747,211
2026-06-20,DDR5,SODIMM,10.7898,9.8698,6.1672,14.9685,66
2026-06-21,DDR4,DIMM,7.1838,6.4013,4.3742,10.7811,96
2026-06-21,DDR4,SODIMM,7.2015,6.1875,2.6925,15.5194,77
2026-06-21,DDR5,DIMM,13.5148,12.4217,9.2738,21.5622,211
2026-06-21,DDR5,SODIMM,11.2102,9.8958,6.31,16.543,68
2026-06-22,DDR4,DIMM,7.1793,6.3256,4.3742,10.7811,96
2026-06-22,DDR4,SODIMM,7.108,6.1875,2.2085,15.5194,77
2026-06-22,DDR5,DIMM,13.4666,12.4369,9.2738,21.2497,211
2026-06-22,DDR5,SODIMM,11.2189,9.9688,6.31,16.543,68
2026-06-23,DDR4,DIMM,7.0617,6.25,4.2164,10.6244,96
2026-06-23,DDR4,SODIMM,7.137,6.1875,2.9428,15.5194,77
2026-06-23,DDR5,DIMM,13.5226,12.4059,9.3456,21.5309,212
2026-06-23,DDR5,SODIMM,11.2507,9.9841,6.2208,16.543,68
2026-06-24,DDR4,DIMM,6.9967,6.25,3.9609,10.5779,96
2026-06-24,DDR4,SODIMM,7.185,6.1875,2.9883,15.5011,78
2026-06-24,DDR5,DIMM,13.507,12.3434,9.3438,21.2145,212
2026-06-24,DDR5,SODIMM,11.2962,9.9994,6.3073,16.543,68
2026-06-25,DDR4,DIMM,6.9189,6.25,3.7438,10.5748,97
2026-06-25,DDR4,SODIMM,6.718,6.2331,2.8972,13.2361,76
2026-06-25,DDR5,DIMM,13.2355,12.2655,9.3287,21.2145,212
2026-06-25,DDR5,SODIMM,11.3214,10,6.2847,16.543,68
2026-06-26,DDR4,DIMM,6.9477,6.25,3.7438,10.1075,97
2026-06-26,DDR4,SODIMM,6.8027,6.2175,2.8972,13.8159,76
2026-06-26,DDR5,DIMM,13.1396,12.3434,8.5938,21.1858,213
2026-06-26,DDR5,SODIMM,11.2786,10,6.2744,16.543,68
2026-06-27,DDR4,DIMM,6.8611,6.25,3.7438,10.1075,97
2026-06-27,DDR4,SODIMM,6.8111,6.2031,2.8972,13.8159,76
2026-06-27,DDR5,DIMM,13.1961,12.1873,9.3343,21.1858,213
2026-06-27,DDR5,SODIMM,11.3042,9.9997,6.2882,16.543,68
2026-06-28,DDR4,DIMM,6.931,6.4031,3.7438,10.1075,97
2026-06-28,DDR4,SODIMM,6.8538,6.2031,2.8972,13.8159,76
2026-06-28,DDR5,DIMM,13.2597,12.3281,9.3361,21.1858,213
2026-06-28,DDR5,SODIMM,11.4618,10.2734,6.3664,18.9164,69
2026-06-29,DDR4,DIMM,6.9682,6.7188,3.7453,10.079,98
2026-06-29,DDR4,SODIMM,6.7957,6.2344,2.8972,13.8159,76
2026-06-29,DDR5,DIMM,13.3337,12.2578,9.2057,21.1858,213
2026-06-29,DDR5,SODIMM,11.5295,10.4297,6.3664,18.9164,69
2026-06-30,DDR4,DIMM,6.9945,6.5625,3.7453,10.079,98
2026-06-30,DDR4,SODIMM,6.7168,6.1875,2.9135,13.8159,76
2026-06-30,DDR5,DIMM,13.4421,12.4988,9.3331,21.1858,212
2026-06-30,DDR5,SODIMM,11.4175,10.5469,6.3664,16.8482,69
2026-07-01,DDR4,DIMM,7.0328,6.6059,3.7188,10.6245,98
2026-07-01,DDR4,SODIMM,6.9446,6.1875,2.9558,15.4463,77
2026-07-01,DDR5,DIMM,13.8047,12.4995,9.3353,21.2497,214
2026-07-01,DDR5,SODIMM,11.3983,10.5469,6.1568,16.8482,69
2026-07-02,DDR4,DIMM,7.0017,6.4828,3.7453,10.6245,98
2026-07-02,DDR4,SODIMM,7.0071,6.1875,2.9558,15.5819,77
2026-07-02,DDR5,DIMM,13.6976,12.5,9.3388,21.2649,214
2026-07-02,DDR5,SODIMM,11.4768,10.3125,6.8351,16.8482,69
2026-07-03,DDR4,DIMM,7.0559,6.7497,3.7188,10.6244,99
2026-07-03,DDR4,SODIMM,7.1431,6.2188,2.998,15.9417,78
2026-07-03,DDR5,DIMM,13.9771,12.5311,9.3342,21.4156,214
2026-07-03,DDR5,SODIMM,11.2563,10.4297,6.3876,16.7825,70
2026-07-04,DDR4,DIMM,7.1224,6.8748,3.7188,10.6244,99
2026-07-04,DDR4,SODIMM,7.3638,6.2188,3.0402,18.8126,79
2026-07-04,DDR5,DIMM,14.0795,12.4998,9.342,21.404,214
2026-07-04,DDR5,SODIMM,11.1761,10.1563,5.9635,16.8482,69
2026-07-05,DDR4,DIMM,7.0693,6.7188,3.7156,10.6221,99
2026-07-05,DDR4,SODIMM,7.3577,6.2188,3.0402,18.8126,79
2026-07-05,DDR5,DIMM,14.1703,12.5,9.3378,21.404,214
2026-07-05,DDR5,SODIMM,11.2257,10.2342,6.4594,16.8482,69
2026-07-06,DDR4,DIMM,7.0647,6.7497,3.7156,10.6221,99
2026-07-06,DDR4,SODIMM,7.3988,6.2031,3.0402,18.8126,79
2026-07-06,DDR5,DIMM,14.1168,12.5,9.3409,21.9497,215
2026-07-06,DDR5,SODIMM,11.3267,10.3125,6.85,16.8482,69
2026-07-07,DDR4,DIMM,7.0763,6.8122,3.7156,10.6221,99
2026-07-07,DDR4,SODIMM,7.1733,6,3.0402,15.7766,79
2026-07-07,DDR5,DIMM,14.2801,13.2029,9.1334,21.7458,215
2026-07-07,DDR5,SODIMM,11.2806,9.9997,6.5843,16.8482,69
2026-07-08,DDR4,DIMM,7.1377,,3.7188,10.6244,99
2026-07-08,DDR4,SODIMM,7.134,,3.0405,15.7766,79
2026-07-08,DDR5,DIMM,14.2508,,9.3432,21.8747,216
2026-07-08,DDR5,SODIMM,11.3396,,6.8954,16.8482,69
2026-07-09,DDR4,DIMM,7.0127,,3.6906,10.6244,99
2026-07-09,DDR4,SODIMM,7.0289,,3.0405,15.4828,79
2026-07-09,DDR5,DIMM,14.1793,,9.3438,21.8747,216
2026-07-09,DDR5,SODIMM,11.3394,,6.709,16.8482,69
2026-07-10,DDR4,DIMM,6.9061,,4.0156,10.0206,100
2026-07-10,DDR4,SODIMM,6.941,,3.125,15.4463,82
2026-07-10,DDR5,DIMM,14.1872,,9.3441,21.8425,214
2026-07-10,DDR5,SODIMM,11.5166,,6.7158,16.8482,69
2026-07-11,DDR4,DIMM,6.9535,,4.0156,10.0206,100
2026-07-11,DDR4,SODIMM,6.9517,,3.125,15.4463,82
2026-07-11,DDR5,DIMM,14.1341,,9.3452,21.5758,214
2026-07-11,DDR5,SODIMM,11.5235,,6.3783,16.8482,69
2026-07-12,DDR4,DIMM,7.0431,,4.0313,9.9938,101
2026-07-12,DDR4,SODIMM,6.9449,,3.125,15.4463,82
2026-07-12,DDR5,DIMM,14.1618,,9.3484,21.2803,214
2026-07-12,DDR5,SODIMM,11.5029,,6.4599,16.8116,70
2026-07-13,DDR4,DIMM,7.0236,,4.0313,9.9938,101
2026-07-13,DDR4,SODIMM,6.9289,,3.125,15.4463,82
2026-07-13,DDR5,DIMM,14.2813,,9.3484,21.2803,214
2026-07-13,DDR5,SODIMM,11.5277,,6.4599,17.3918,70
2026-07-14,DDR4,DIMM,6.8902,6.3566,3.7234,10.4505,104
2026-07-14,DDR4,SODIMM,6.8347,5.9372,3.9356,15.4463,79
2026-07-14,DDR5,DIMM,14.5547,13.1248,7.7163,21.7047,200
2026-07-14,DDR5,SODIMM,10.6105,9.9353,5.7844,16.0594,61
2026-07-15,DDR4,DIMM,6.9464,6.4941,3.7234,10.4505,104
2026-07-15,DDR4,SODIMM,6.7819,5.7116,3.9356,15.4463,79
2026-07-15,DDR5,DIMM,14.5308,12.7809,7.7156,21.4714,200
2026-07-15,DDR5,SODIMM,10.4258,9.8422,5.7838,16.0594,61
2026-07-16,DDR4,DIMM,6.9867,6.3646,3.7234,10.6083,104
2026-07-16,DDR4,SODIMM,6.7829,5.7116,3.75,15.4463,79
2026-07-16,DDR5,DIMM,14.4435,12.7082,7.7684,21.3326,199
2026-07-16,DDR5,SODIMM,10.4151,9.5938,5.8231,16.0594,61
2026-07-17,DDR4,DIMM,7.0962,6.5625,3.75,11.0179,103
2026-07-17,DDR4,SODIMM,6.6717,5.7113,3.5669,15.4463,79
2026-07-17,DDR5,DIMM,14.5313,12.812,7.7778,21.3326,199
2026-07-17,DDR5,SODIMM,10.5401,9.5938,5.83,16.0594,61
2026-07-18,DDR4,DIMM,7.0476,6.4256,3.75,10.625,101
2026-07-18,DDR4,SODIMM,6.6373,5.6875,3.4375,15.4463,79
2026-07-18,DDR5,DIMM,14.751,13.2656,9.3211,21.3326,199
2026-07-18,DDR5,SODIMM,10.699,9.9216,5.9057,16.0377,62
2026-07-19,DDR4,DIMM,6.955,6.4013,3.7188,10.625,101
2026-07-19,DDR4,SODIMM,6.6019,5.6875,3.4375,15.4463,79
2026-07-19,DDR5,DIMM,14.7934,13.2656,9.3337,21.3326,199
2026-07-19,DDR5,SODIMM,10.7938,10.2181,5.9145,16.0377,62
2026-07-20,DDR4,DIMM,7.1012,6.7188,3.7188,10.625,101
2026-07-20,DDR4,SODIMM,6.5959,5.6994,3.4328,15.4463,80
2026-07-20,DDR5,DIMM,14.713,13.2656,9.3337,21.2816,199
2026-07-20,DDR5,SODIMM,10.772,10.0619,5.9145,16.0537,62
2026-07-21,DDR4,DIMM,7.0911,6.7188,3.7188,10.6219,101
2026-07-21,DDR4,SODIMM,6.5728,5.7113,3.4063,15.4463,79
2026-07-21,DDR5,DIMM,14.6817,12.7082,9.2969,21.2946,199
2026-07-21,DDR5,SODIMM,10.8735,10.3094,5.9903,16.4624,63
2026-07-22,DDR4,DIMM,7.0964,6.7188,3.7203,10.6248,102
2026-07-22,DDR4,SODIMM,6.5674,5.7114,2.8125,15.4463,80
2026-07-22,DDR5,DIMM,14.7964,13.4047,9.2653,21.2954,198
2026-07-22,DDR5,SODIMM,11.1048,10.7766,5.9698,16.4624,63
2026-07-23,DDR4,DIMM,7.6269,6.7188,3.725,15.6775,105
2026-07-23,DDR4,SODIMM,6.5307,5.7113,2.8125,15.4463,81
2026-07-23,DDR5,DIMM,14.7684,13.5831,9.2437,21.3792,198
2026-07-23,DDR5,SODIMM,11.2328,10.7766,5.9537,16.4624,63
2026-07-24,DDR4,DIMM,7.4561,6.3869,3.7188,15.6775,105
2026-07-24,DDR4,SODIMM,6.624,5.9372,3.4425,15.4463,81
2026-07-24,DDR5,DIMM,14.7534,13.4894,9.4039,21.2803,202
2026-07-24,DDR5,SODIMM,11.2926,10.9372,5.9627,16.1176,63
2026-07-25,DDR4,DIMM,7.5044,6.5619,3.7188,15.6775,105
2026-07-25,DDR4,SODIMM,6.6615,5.7116,3.4425,15.4463,81
2026-07-25,DDR5,DIMM,14.7905,13.5831,9.4051,21.2803,202
2026-07-25,DDR5,SODIMM,11.4237,10.9375,6.0388,16.1144,64
2026-07-26,DDR4,DIMM,7.4422,6.4372,3.7188,15.6775,105
2026-07-26,DDR4,SODIMM,6.6575,5.7116,3.4306,15.4463,81
2026-07-26,DDR5,DIMM,14.792,13.6561,9.3981,21.2803,202
2026-07-26,DDR5,SODIMM,11.4065,10.9375,6.0343,16.1144,64
2026-07-27,DDR4,DIMM,7.4422,6.4372,3.7188,15.6775,105
2026-07-27,DDR4,SODIMM,6.6575,5.7116,3.4306,15.4463,81
2026-07-27,DDR5,DIMM,14.791,13.6247,9.3664,21.2803,201
2026-07-27,DDR5,SODIMM,11.4065,10.9375,6.0343,16.1144,64
